,Model,Model_size_GB,Inference_Time_ms,BLEU_Score,Fact_Checking_Score_(0-100),TOPSIS Score
3,GPT-2,1.5,0.8,35.8,75,0.9444756222755265
2,T5-base,0.7,1.5,37.4,85,0.6070029926572246
1,PHI-2,1.7,0.9,36.4,87,0.5920976674987046
0,Orion-14B_base,6.7,1.2,38.9,83,0.5518212803953878
4,Yi-34B,5.3,3.4,43.2,79,0.5379845981184036
